[
    {
        "id": 1,
        "name": "test1",
        "birthday": "02-06-2001"
    },
    {
        "id": 2,
        "name": "test2",
        "birthday": "26-05-2004"
    },
    {
        "id": 3,
        "name": "test3",
        "birthday": "27-06-2011"
    },
    {
        "id": 4,
        "name": "test4",
        "birthday": "11-11-1993"
    },
    {
        "id": 5,
        "name": "test5",
        "birthday": null
    },
    {
        "id": 6,
        "name": "test6",
        "birthday": "01-06-1983"
    },
    {
        "id": 7,
        "name": "test7",
        "birthday": "20-06-1997"
    }
]